{"cameraMode":{"drawMode":0,"name":"Shaded","section":"Shading Mode"},"sceneLighting":true,"audioPlay":false,"sceneViewState":{"showFog":true,"showMaterialUpdate":false,"showSkybox":true,"showFlares":true,"showImageEffects":true,"showParticleSystems":true},"in2DMode":false,"pivot":{"x":-1.9920744895935059,"y":-0.01289987564086914,"z":2.3373279571533205},"rotation":{"x":0.7012699246406555,"y":0.011757691390812397,"z":-0.011568425223231316,"w":0.7127068638801575},"size":4.037962913513184,"orthographic":false}